{
"0": {
	"id": 0,
	"attScale": 0,
	"sizeScale": 0.25,
	"vanishScale": 0,
	"bulletFlyScale": 0,
	"maxdistanceScale": 0,
	"circleRadioScale": 0
}
,
"1": {
	"id": 1,
	"attScale": 0.07,
	"sizeScale": 0.275,
	"vanishScale": 7.1189863285e-005,
	"bulletFlyScale": 0.00028478986256,
	"maxdistanceScale": 0.0099504938362,
	"circleRadioScale": 0.0099504938362
}
,
"2": {
	"id": 2,
	"attScale": 0.1386,
	"sizeScale": 0.3005,
	"vanishScale": 0.00028144153673,
	"bulletFlyScale": 0.0011262414921,
	"maxdistanceScale": 0.019803902719,
	"circleRadioScale": 0.019803902719
}
,
"3": {
	"id": 3,
	"attScale": 0.2065,
	"sizeScale": 0.32651,
	"vanishScale": 0.00062561671756,
	"bulletFlyScale": 0.0025048162275,
	"maxdistanceScale": 0.029563014099,
	"circleRadioScale": 0.029563014099
}
,
"4": {
	"id": 4,
	"attScale": 0.2737,
	"sizeScale": 0.3530402,
	"vanishScale": 0.0010983844514,
	"bulletFlyScale": 0.0044007817982,
	"maxdistanceScale": 0.039230484541,
	"circleRadioScale": 0.039230484541
}
,
"5": {
	"id": 5,
	"attScale": 0.3402,
	"sizeScale": 0.380101004,
	"vanishScale": 0.0016942493037,
	"bulletFlyScale": 0.0067942395606,
	"maxdistanceScale": 0.04880884817,
	"circleRadioScale": 0.04880884817
}
,
"6": {
	"id": 6,
	"attScale": 0.406,
	"sizeScale": 0.40770302408,
	"vanishScale": 0.0024075791806,
	"bulletFlyScale": 0.0096651512026,
	"maxdistanceScale": 0.058300524426,
	"circleRadioScale": 0.058300524426
}
,
"7": {
	"id": 7,
	"attScale": 0.4711,
	"sizeScale": 0.43585708456,
	"vanishScale": 0.0032326325035,
	"bulletFlyScale": 0.012993364723,
	"maxdistanceScale": 0.067707825203,
	"circleRadioScale": 0.067707825203
}
,
"8": {
	"id": 8,
	"attScale": 0.5355,
	"sizeScale": 0.46457422625,
	"vanishScale": 0.0041635844728,
	"bulletFlyScale": 0.016758639516,
	"maxdistanceScale": 0.077032961427,
	"circleRadioScale": 0.077032961427
}
,
"9": {
	"id": 9,
	"attScale": 0.5992,
	"sizeScale": 0.49386571078,
	"vanishScale": 0.0051945521931,
	"bulletFlyScale": 0.020940670402,
	"maxdistanceScale": 0.08627804912,
	"circleRadioScale": 0.08627804912
}
,
"10": {
	"id": 10,
	"attScale": 0.6622,
	"sizeScale": 0.52374302499,
	"vanishScale": 0.0063196184673,
	"bulletFlyScale": 0.025519110491,
	"maxdistanceScale": 0.09544511501,
	"circleRadioScale": 0.09544511501
}
,
"11": {
	"id": 11,
	"attScale": 0.7245,
	"sizeScale": 0.55421788549,
	"vanishScale": 0.0075328541064,
	"bulletFlyScale": 0.030473592765,
	"maxdistanceScale": 0.10453610172,
	"circleRadioScale": 0.10453610172
}
,
"12": {
	"id": 12,
	"attScale": 0.7861,
	"sizeScale": 0.5853022432,
	"vanishScale": 0.0088283386349,
	"bulletFlyScale": 0.0357837503,
	"maxdistanceScale": 0.11355287257,
	"circleRadioScale": 0.11355287257
}
,
"13": {
	"id": 13,
	"attScale": 0.847,
	"sizeScale": 0.61700828807,
	"vanishScale": 0.010200179309,
	"bulletFlyScale": 0.041429235065,
	"maxdistanceScale": 0.12249721603,
	"circleRadioScale": 0.12249721603
}
,
"14": {
	"id": 14,
	"attScale": 0.9072,
	"sizeScale": 0.64934845383,
	"vanishScale": 0.011642528395,
	"bulletFlyScale": 0.047389735266,
	"maxdistanceScale": 0.1313708499,
	"circleRadioScale": 0.1313708499
}
,
"15": {
	"id": 15,
	"attScale": 0.9667,
	"sizeScale": 0.68233542291,
	"vanishScale": 0.013149598686,
	"bulletFlyScale": 0.053644991208,
	"maxdistanceScale": 0.1401754251,
	"circleRadioScale": 0.1401754251
}
,
"16": {
	"id": 16,
	"attScale": 1.0255,
	"sizeScale": 0.71598213136,
	"vanishScale": 0.014715677259,
	"bulletFlyScale": 0.060174809663,
	"maxdistanceScale": 0.14891252931,
	"circleRadioScale": 0.14891252931
}
,
"17": {
	"id": 17,
	"attScale": 1.0836,
	"sizeScale": 0.75030177399,
	"vanishScale": 0.016335137502,
	"bulletFlyScale": 0.066959076772,
	"maxdistanceScale": 0.15758369028,
	"circleRadioScale": 0.15758369028
}
,
"18": {
	"id": 18,
	"attScale": 1.141,
	"sizeScale": 0.78530780947,
	"vanishScale": 0.018002449454,
	"bulletFlyScale": 0.07397776949,
	"maxdistanceScale": 0.16619037897,
	"circleRadioScale": 0.16619037897
}
,
"19": {
	"id": 19,
	"attScale": 1.1977,
	"sizeScale": 0.82101396566,
	"vanishScale": 0.01971218852,
	"bulletFlyScale": 0.081210965616,
	"maxdistanceScale": 0.17473401245,
	"circleRadioScale": 0.17473401245
}
,
"20": {
	"id": 20,
	"attScale": 1.2537,
	"sizeScale": 0.85743424497,
	"vanishScale": 0.021459042645,
	"bulletFlyScale": 0.088638852441,
	"maxdistanceScale": 0.18321595662,
	"circleRadioScale": 0.18321595662
}
,
"21": {
	"id": 21,
	"attScale": 1.309,
	"sizeScale": 0.89458292987,
	"vanishScale": 0.023237818011,
	"bulletFlyScale": 0.096241734087,
	"maxdistanceScale": 0.19163752878,
	"circleRadioScale": 0.19163752878
}
,
"22": {
	"id": 22,
	"attScale": 1.3636,
	"sizeScale": 0.93247458847,
	"vanishScale": 0.025043443375,
	"bulletFlyScale": 0.10400003757,
	"maxdistanceScale": 0.2,
	"circleRadioScale": 0.2
}
,
"23": {
	"id": 23,
	"attScale": 1.4175,
	"sizeScale": 0.97112408024,
	"vanishScale": 0.026870973121,
	"bulletFlyScale": 0.11189431768,
	"maxdistanceScale": 0.20830459736,
	"circleRadioScale": 0.20830459736
}
,
"24": {
	"id": 24,
	"attScale": 1.4707,
	"sizeScale": 1.0105465618,
	"vanishScale": 0.028715589143,
	"bulletFlyScale": 0.11990526066,
	"maxdistanceScale": 0.21655250606,
	"circleRadioScale": 0.21655250606
}
,
"25": {
	"id": 25,
	"attScale": 1.5232,
	"sizeScale": 1.0507574931,
	"vanishScale": 0.03057260164,
	"bulletFlyScale": 0.12801368691,
	"maxdistanceScale": 0.22474487139,
	"circleRadioScale": 0.22474487139
}
,
"26": {
	"id": 26,
	"attScale": 1.575,
	"sizeScale": 1.0917726429,
	"vanishScale": 0.032437448936,
	"bulletFlyScale": 0.13620055259,
	"maxdistanceScale": 0.23288280059,
	"circleRadioScale": 0.23288280059
}
,
"27": {
	"id": 27,
	"attScale": 1.6261,
	"sizeScale": 1.1336080958,
	"vanishScale": 0.034305696406,
	"bulletFlyScale": 0.14444695037,
	"maxdistanceScale": 0.2409673646,
	"circleRadioScale": 0.2409673646
}
,
"28": {
	"id": 28,
	"attScale": 1.6765,
	"sizeScale": 1.1762802577,
	"vanishScale": 0.036173034611,
	"bulletFlyScale": 0.15273410917,
	"maxdistanceScale": 0.24899959968,
	"circleRadioScale": 0.24899959968
}
,
"29": {
	"id": 29,
	"attScale": 1.7262,
	"sizeScale": 1.2198058629,
	"vanishScale": 0.038035276718,
	"bulletFlyScale": 0.16104339326,
	"maxdistanceScale": 0.256980509,
	"circleRadioScale": 0.256980509
}
,
"30": {
	"id": 30,
	"attScale": 1.7752,
	"sizeScale": 1.2642019801,
	"vanishScale": 0.039888355291,
	"bulletFlyScale": 0.16935630043,
	"maxdistanceScale": 0.26491106407,
	"circleRadioScale": 0.26491106407
}
,
"31": {
	"id": 31,
	"attScale": 1.8235,
	"sizeScale": 1.3094860197,
	"vanishScale": 0.041728318519,
	"bulletFlyScale": 0.1776544596,
	"maxdistanceScale": 0.27279220614,
	"circleRadioScale": 0.27279220614
}
,
"32": {
	"id": 32,
	"attScale": 1.8711,
	"sizeScale": 1.3556757401,
	"vanishScale": 0.043551325971,
	"bulletFlyScale": 0.18591962772,
	"maxdistanceScale": 0.28062484749,
	"circleRadioScale": 0.28062484749
}
,
"33": {
	"id": 33,
	"attScale": 1.918,
	"sizeScale": 1.4027892549,
	"vanishScale": 0.045353643905,
	"bulletFlyScale": 0.19413368603,
	"maxdistanceScale": 0.28840987267,
	"circleRadioScale": 0.28840987267
}
,
"34": {
	"id": 34,
	"attScale": 1.9642,
	"sizeScale": 1.45084504,
	"vanishScale": 0.047131640232,
	"bulletFlyScale": 0.20227863588,
	"maxdistanceScale": 0.29614813968,
	"circleRadioScale": 0.29614813968
}
,
"35": {
	"id": 35,
	"attScale": 2.0097,
	"sizeScale": 1.4998619408,
	"vanishScale": 0.048881779136,
	"bulletFlyScale": 0.21033659393,
	"maxdistanceScale": 0.30384048104,
	"circleRadioScale": 0.30384048104
}
,
"36": {
	"id": 36,
	"attScale": 2.0545,
	"sizeScale": 1.5498591796,
	"vanishScale": 0.05060061544,
	"bulletFlyScale": 0.21828978699,
	"maxdistanceScale": 0.31148770486,
	"circleRadioScale": 0.31148770486
}
,
"37": {
	"id": 37,
	"attScale": 2.0986,
	"sizeScale": 1.6008563632,
	"vanishScale": 0.052284788718,
	"bulletFlyScale": 0.22612054629,
	"maxdistanceScale": 0.31909059583,
	"circleRadioScale": 0.31909059583
}
,
"38": {
	"id": 38,
	"attScale": 2.142,
	"sizeScale": 1.6528734905,
	"vanishScale": 0.053931017209,